Ta wersja bazy nie jest jeszcze dokonczona

Domena		Eukarionty
Krolestwo	Zwierzeta
Typ		Strunowce
Podtyp		Kregowce
Gromada		Ssaki
Podgromada	Zyworodne
Infragromada	Lozyskowce

~~~~~~~~~~~~~~~~~~~~~~~~~~~~~~~~~~~~~~~~

Legenda:(piszemy bez spacji)
%F   Rodzina(Familly)
%G   Rodzaj(Genus)
%S   stdName
%L   latinName
~//	znak % lub znak nowej linii(enter) konczy wczytywanie danych do drzewa;
~//	wszystko co nie zawiera powyzszych znacznikow bedzie pomijane przy wczytywaniu danych 

//~~~~~~~~~~~s~~~~~~~~~~~~~~~~
 
Rzad	Nietoperze


Podrzad	Pteropodiformes   rudawkoksztaltne

	Rodzina 	%F Pteropodidae   rudawkowate%					%		https://pl.wikipedia.org/wiki/Rudawkowate

		Rodzaj	%G Acerodon   acerodon%						https://pl.wikipedia.org/wiki/Acerodon

			Gatunek	%L Acerodon celebensis   %S acerodon sulaweski%
				%L Acerodon humilis   %S acerodon slaby%
				%L Acerodon jubatus   %S acerodon grzywiasty%			https://pl.wikipedia.org/wiki/Acerodon_grzywiasty
				%L Acerodon leucotis   %S acerodon palawanski%
				%L Acerodon mackloti   %S acerodon sundajski%

		Rodzaj	%G Aethalops   owocnik		%				https://pl.wikipedia.org/wiki/Owocnik_(rodzaj_ssaka)

				%L Aethalops aequalis  %S owocnik borneanski%
				%L Aethalops alecto   %S owocnik karlowaty%

		Rodzaj	%G Alionycteris   owocozerek%

				%L Alionycteris paucidentata %S owocozerek golonosy%

		Rodzaj	%G Aproteles   owocojadek%

				%L Aproteles bulmerae   %S owocojadek jaskiniowy%

		Rodzaj	%G Balionycteris   skrzydloplamek%

				%L Balionycteris maculata  %S skrzydloplamek karlowaty%

		Rodzaj	%G Casinycteris   moczarowiec%

				%L Casinycteris argynnis   %S moczarowiec afrykanski%

		Rodzaj	%G Chironax   czapecznik%

				 %L Chironax melanocephalus  %S czapecznik owocozerny%

		Rodzaj	%G Cynopterus   krotkonosek%					https://pl.wikipedia.org/wiki/Kr%C3%B3tkonosek

				%L Cynopterus brachyotis  %S krotkonosek krotkouchy%
				%L Cynopterus horsfieldii  %S krotkonosek sundajski%
				%L Cynopterus luzoniensis  %S krotkonosek uprawowy%
				%L Cynopterus minutus  %S krotkonosek drobny%
				%L Cynopterus nusatenggara  %S krotkonosek wyspowy%
				%L Cynopterus sphinx  %S krotkonosek sfinksowy	%	https://pl.wikipedia.org/wiki/Kr%C3%B3tkonosek_sfinksowy
				%L Cynopterus titthaecheilus  %S krotkonosek indonezyjski%

		Rodzaj	%G Desmalopex   rudawnik%					https://pl.wikipedia.org/wiki/Rudawnik

				%L Desmalopex leucopterus  %S rudawnik bialoskrzydly%
				%L Desmalopex microleucopterus  %S rudawnik malutki%		https://pl.wikipedia.org/wiki/Rudawnik_malutki

		Rodzaj	%G Dobsonia   gologrzbietek%					https://pl.wikipedia.org/wiki/Go%C5%82ogrzbietek

				%L Dobsonia andersoni  %S gologrzbietek archipelagowy%
				%L Dobsonia beauforti  %S gologrzbietek wyspowy%
				%L Dobsonia chapmani  %S gologrzbietek negroski%
				%L Dobsonia crenulata  %S gologrzbietek halmaherski%
				%L Dobsonia emersa  %S gologrzbietek jaksiniowy%
				%L Dobsonia exoleta  %S gologrzbietek sulaweski%
				%L Dobsonia inermis  %S gologrzbietek bezbronny%
				%L Dobsonia magna  %S gologrzbietek duzy%
				%L Dobsonia minor  %S gologrzbietek maly%
				%L Dobsonia moluccensis  %S gologrzbietek molucki%
				%L Dobsonia pannietensis  %S gologrzbietek zatokowy%
				%L Dobsonia peronii  %S gologrzbietek lesny%
				%L Dobsonia praedatrix  %S gologrzbietek nowobrytyjski%
				%L Dobsonia viridis  %S gologrzbietek zielonawy%

		Rodzaj	%G Dyacopterus   dajakolot%					https://pl.wikipedia.org/wiki/Dajakolot\

				%L Dyacopterus brooksi  %S dajakolot sumatrzanski%
				%L Dyacopterus rickarti  %S dajakolot filipinski%
				%L Dyacopterus spadiceus  %S dajakolot sundajski%

		Rodzaj	%G Eidolon   zjawa%						https://pl.wikipedia.org/wiki/Zjawa_(rodzaj_ssaka)

				%L Eidolon dupreanum  %S zjawa madagaskarska%
				%L Eidolon helvum  %S zjawa plowa%				https://pl.wikipedia.org/wiki/Zjawa_p%C5%82owa

		Rodzaj	%G Eonycteris   jutrzenkowiec%					https://pl.wikipedia.org/wiki/Jutrzenkowiec

				%L Eonycteris major  %S jutrzenkowiec duzy%
				%L Eonycteris robusta  %S jutrzenkowiec filipinski%
				%L Eonycteris spelaea  %S jutrzenkowiec jaskiniowy%

		Rodzaj	%G Epomophorus   pagonowiec%					https://pl.wikipedia.org/wiki/Pagonowiec

				%L Epomophorus angolensis  %S pagonowiec angolanski%
				%L Epomophorus anselli  %S pagonowiec malawski%
				%L Epomophorus crypturus  %S pagonowiec mozambicki%
				%L Epomophorus gambianus  %S pagonowiec gambijski%
				%L Epomophorus grandis  %S pagonowiec samotny%
				%L Epomophorus labiatus  %S pagonowiec etiopski%
				%L Epomophorus minimus  %S pagonowiec malutki%
				%L Epomophorus minor  %S pagonowiec maly%
				%L Epomophorus wahlbergi  %S pagonowiec baobabowy%

		Rodzaj	%G Epomops   epoletnik%						https://pl.wikipedia.org/wiki/Epoletnik

				%L Epomops buettikoferi  %S epoletnik gwinejski%
				%L Epomops dobsonii  %S epoletnik spiewajacy%
				%L Epomops franqueti  %S epoletnik afrykanski%		https://pl.wikipedia.org/wiki/Epoletnik_afryka%C5%84ski

		Rodzaj	%G Haplonycteris  dlugopalczyk%

				%L Haplonycteris fischeri  %S dlugopalczyk filipinski%

		Rodzaj	%G Harpyionycteris  harpiolot%					https://pl.wikipedia.org/wiki/Harpiolot

				%L Harpyionycteris celebensis  %S harpiolot sulaweski%
				%L Harpyionycteris whiteheadi  %S harpiolot filipinski%	https://pl.wikipedia.org/wiki/Harpiolot_filipi%C5%84ski

		Rodzaj	%G Hypsignathus   mlotoglow%

				%L Hypsignathus monstrosus  %S mlotoglow wielkoglowy%		https://pl.wikipedia.org/wiki/M%C5%82otog%C5%82%C3%B3w_wielkog%C5%82owy

		Rodzaj	%G Latidens   tamilolot%

				%L Latidens salimalii  %S tamilolot jaskiniowy%

		Rodzaj	%G Lissonycteris   owocolot%

				%L Lissonycteris angolensis  %S owocolot afrykanski%

		Rodzaj	%G Macroglossus   jezycznik%					https://pl.wikipedia.org/wiki/J%C4%99zycznik_(rodzaj_ssaka)

				%L Macroglossus minimus  %S jezycznik malutki%	https://pl.wikipedia.org/wiki/J%C4%99zycznik_malutki
				%L Macroglossus sabrinus  %S jezycznik wiekszy%

		Rodzaj	%G Megaerops   bezogoniec%					https://pl.wikipedia.org/wiki/Bezogoniec

				%L Megaerops ecaudatus  %S bezogoniec sundajski%
				%L Megaerops kusnotoi  %S bezogoniec jawajski%
				%L Megaerops niphanae  %S bezogoniec indochinski%
				%L Megaerops wetmorei  %S bezogoniec obrozny%

		Rodzaj	%G Megaloglossus   ozornik%

				%L Megaloglossus woermanni  %S ozornik afrykanski%

		Rodzaj	%G Melonycteris   solomonowiec%					https://pl.wikipedia.org/wiki/Solomonowiec

				%L Melonycteris melanops  %S solomonowiec czarnobrzuchy%
				%L Melonycteris fardoulisi  %S solomonowiec kwiatowy%
				%L Melonycteris woodfordi  %S solomonowiec drzewny%

		Rodzaj	%G Micropteropus   epoletniczek%				https://pl.wikipedia.org/wiki/Epoletniczek

				%L Micropteropus intermedius  %S epoletniczek wiekszy%
				%L Micropteropus pusillus  %S epoletniczek drobny%

		Rodzaj	%G Mirimiri   malpionosek%

				%L Mirimiri acrodonta  %S malpionosek fidzijski%

		Rodzaj	%G Myonycteris   myszolot%					https://pl.wikipedia.org/wiki/Myszolot

				%L Myonycteris brachycephala  %S myszolot wyspowy%
				%L Myonycteris relicta  %S myszolot reliktowy%
				%L Myonycteris torquata  %S myszolot obrozny%

		Rodzaj	%G Nanonycteris   drobnolot%

				%L Nanonycteris veldkampii  %S drobnolot afrykanski%

		Rodzaj	%G Neopteryx   owocniczek%

				%L Neopteryx frosti  %S owocniczek drobnozebny%

		Rodzaj	%G Notopteris   ogoniec%					https://pl.wikipedia.org/wiki/Ogoniec

				%L Notopteris macdonaldi  %S ogoniec polinezyjski%
				%L Notopteris neocaledonica  %S ogoniec nowokaledonski%

		Rodzaj	%G Nyctimene   rurkonos%				https://pl.wikipedia.org/wiki/Rurkonos

				%L Nyctimene aello  %S rurkonos szerokopaskowany%
				%L Nyctimene albiventer  %S rurkonos papuaski%
				%L Nyctimene cephalotes  %S rurkonos sulaweski%
				%L Nyctimene certans  %S rurkonos gorski%
				%L Nyctimene cyclotis  %S rurkonos okraglouchy%	https://pl.wikipedia.org/wiki/Rurkonos_okr%C4%85g%C5%82ouchy
				%L Nyctimene draconilla  %S rurkonos smoczy%
				%L Nyctimene keasti  %S rurkonos molucki%
				%L Nyctimene major  %S rurkonos wyspowy%			https://pl.wikipedia.org/wiki/Rurkonos_wyspowy
				%L Nyctimene malaitensis  %S rurkonos salomonski%
				%L Nyctimene masalai  %S rurkonos demoniczny%
				%L Nyctimene minutus  %S rurkonos maly%
				%L Nyctimene rabori  %S rurkonos filipinski%
				%L Nyctimene robinsoni  %S rurkonos zoltoplamy%
				%L Nyctimene sanctacrucis  %S rurkonos samotny%
				%L Nyctimene vizcaccia  %S rurkonos archipelagowy%

		Rodzaj	%G Otopteropus   luzanczyk%

				%L Otopteropus cartilagonodus  %S luzanczyk dzunglowy%

		Rodzaj	%G Paranyctimene   rurkonosek%				https://pl.wikipedia.org/wiki/Rurkonosek

				%L Paranyctimene raptor  %S rurkonosek jednobarwny%
				%L Paranyctimene tenax  %S rurkonosek uparty%

		Rodzaj	%G Penthetor   psolotek%

				%L Penthetor lucasi  %S psolotek ciemny%

		Rodzaj	%G Plerotes   rudawnica%

				%L Plerotes anchietae  %S rudawnica afrykanska%

		Rodzaj	%G Ptenochirus   pizmolot%				https://pl.wikipedia.org/wiki/Pi%C5%BCmolot

				%L Ptenochirus jegori  %S pizmolot duzy%
				%L Ptenochirus minor  %S pizmolot maly%

		Rodzaj	%G Pteralopex   skrzydlolis%					https://pl.wikipedia.org/wiki/Skrzyd%C5%82olis

				%L Pteralopex anceps  %S skrzydlolis zoltobrzuchy%
				%L Pteralopex atrata  %S skrzydlolis sierpozebny%
				%L Pteralopex flanneryi  %S skrzydlolis samotny%
				%L Pteralopex pulchra  %S skrzydlolis gorski%
				%L Pteralopex taki  %S skrzydlolis dziuplowy%

		Rodzaj	%G Pteropus   rudawka%					https://pl.wikipedia.org/wiki/Rudawka_(rodzaj_ssaka)

				%L Pteropus admiralitatum  %S rudawka admiralska%
				%L Pteropus aldabrensis  %S rudawka aldabranska%
				%L Pteropus alecto  %S rudawka zalobna%
				%L Pteropus allenorum  %S rudawka muzealna%
				%L Pteropus anetianus  %S rudawka biala%
				%L Pteropus argentanus  %S rudawka srebrzysta%
				%L Pteropus aruensis  %S rudawka aruanska%
				%L Pteropus banakrisi  %S rudawka czarnawa%
				%L Pteropus brunneus  %S rudawka ciemna%
				%L Pteropus caniceps  %S rudawka popielatoglowa%
				%L Pteropus capistratus  %S rudawka maskowa%
				%L Pteropus chrysoproctus  %S rudawka molucka%
				%L Pteropus cognatus  %S rudawka makirska%
				%L Pteropus conspicillatus  %S rudawka okularowa%
				%L Pteropus coxi  %S rudawka zapomniana%
				%L Pteropus dasymallus  %S rudawka figowa%
				%L Pteropus faunulus  %S rudawka nikobarska%
				%L Pteropus fundatus  %S rudawka nizinna%
				%L Pteropus giganteus  %S rudawka wielka%			https://pl.wikipedia.org/wiki/Rudawka_wielka
				%L Pteropus gilliardorum  %S rudawka samotna%
				%L Pteropus griseus  %S rudawka szara%
				%L Pteropus howensis  %S rudawka atolowa%
				%L Pteropus hypomelanus  %S rudawka zmienna%
				%L Pteropus insularis  %S rudawka wyspowa%
				%L Pteropus intermedius  %S rudawka birmanska%
				%L Pteropus keyensis  %S rudawka pustelnicza%
				%L Pteropus livingstonei  %S rudawka komorska%	https://pl.wikipedia.org/wiki/Rudawka_komorska
				%L Pteropus lombocensis  %S rudawka plantacjowa%
				%L Pteropus loochoensis  %S rudawka okinawska%
				%L Pteropus lylei  %S rudawka zlotoszyja%
				%L Pteropus macrotis  %S rudawka wielkoucha%
				%L Pteropus mahaganus  %S rudawka mahaganska%
				%L Pteropus mariannus  %S rudawka marianska%		https://pl.wikipedia.org/wiki/Rudawka_maria%C5%84ska
				%L Pteropus melanopogon  %S rudawka czarnobroda%
				%L Pteropus melanotus  %S rudawka czarnoucha%
				%L Pteropus molossinus  %S rudawka mikronezyjska%
				%L Pteropus neohibernicus  %S rudawka duza%
				%L Pteropus niger  %S rudawka mauritiuska%
				%L Pteropus nitendiensis  %S rudawka namorzynowa%
				%L Pteropus ocularis  %S rudawka seramska%
				%L Pteropus ornatus  %S rudawka ozdobna%
				%L Pteropus pelewensis  %S rudawka pelewska%
				%L Pteropus personatus  %S rudawka zamaskowana%
				%L Pteropus pilosus  %S rudawka owlosiona%
				%L Pteropus pohlei  %S rudawka tropikalna%
				%L Pteropus poliocephalus  %S rudawka szaroglowa%
				%L Pteropus pselaphon  %S rudawka boninska%
				%L Pteropus pumilus  %S rudawka karlowata%
				%L Pteropus rayneri  %S rudawka salomonska%
				%L Pteropus rennelli  %S rudawka rafowa%
				%L Pteropus rodricensis  %S rudawka gromadna%
				%L Pteropus rufus  %S rudawka madagaskarska%
				%L Pteropus samoensis  %S rudawka samoanska%
				%L Pteropus scapulatus  %S rudawka eukaliptusowa%
				%L Pteropus seychellensis  %S rudawka seszelska%
				%L Pteropus speciosus  %S rudawka piekna%
				%L Pteropus subniger  %S rudawka maskarenska%
				%L Pteropus temminckii  %S rudawka okazala%
				%L Pteropus tokudae  %S rudawka guamska%			https://pl.wikipedia.org/wiki/Rudawka_guamska
				%L Pteropus tonganus  %S rudawka pacyficzna%
				%L Pteropus tuberculatus  %S rudawka eremicka%
				%L Pteropus ualanus  %S rudawka nadbrzezna%
				%L Pteropus vampyrus  %S rudawka malajska%		https://pl.wikipedia.org/wiki/Rudawka_malajska
				%L Pteropus vetulus  %S rudawka nowokaledonska%
				%L Pteropus voeltzkowi  %S rudawka pembanska%
				%L Pteropus woodfordi  %S rudawka najmniejsza%
				%L Pteropus yapensis  %S rudawka karolinska%

		Rodzaj	%G Rousettus   rudawiec%					https://pl.wikipedia.org/wiki/Rudawiec_(rodzaj_ssaka)

				%L Rousettus aegyptiacus  %S rudawiec nilowy%		https://pl.wikipedia.org/wiki/Rudawiec_nilowy
				%L Rousettus amplexicaudatus  %S rudawiec sundajski%
				%L Rousettus bidens  %S rudawiec jaskiniowy%
				%L Rousettus celebensis  %S rudawiec sulaweski%
				%L Rousettus lanosus  %S rudawiec dlugowlosy%
				%L Rousettus leschenaulti  %S rudawiec orientalny%
				%L Rousettus linduensis  %S rudawiec bagienny%
				%L Rousettus madagascariensis  %S rudawiec malgaski%
				%L Rousettus obliviosus  %S rudawiec komorski%
				%L Rousettus spinalatus  %S rudawiec nagogrzbiety%

		Rodzaj	%G Scotonycteris   rownikowiec%				https://pl.wikipedia.org/wiki/R%C3%B3wnikowiec

				%L Scotonycteris ophiodon  %S rownikowiec lzawy%
				%L Scotonycteris zenkeri  %S rownikowiec nektarowy%

		Rodzaj	%G Sphaerias   kulecznik%

				%L Sphaerias blanfordi  %S kulecznik gorski%

		Rodzaj	%G Styloctenium   prazkoliczek%				https://pl.wikipedia.org/wiki/Pr%C4%85%C5%BCkoliczek

				%L Styloctenium mindorensis  %S prazkoliczek mindorski%
				%LStyloctenium wallacei  %S prazkoliczek sulaweski%

		Rodzaj	%G Syconycteris   pedzelnik%					https://pl.wikipedia.org/wiki/P%C4%99dzelnik

				%L Syconycteris australis  %S pedzelnik australijski%		https://pl.wikipedia.org/wiki/P%C4%99dzelnik_australijski
				%L Syconycteris carolinae  %S pedzelnik halmeherski%
				%L Syconycteris hobbit  %S pedzelnik kosmatonogi%

		Rodzaj	%G Thoopterus   bystrolot%					https://pl.wikipedia.org/wiki/Bystrolot

				%L Thoopterus nigrescens   %S bystrolot ciemny%
				%L Thoopterus suhaniahae   %S bystrolot lesny%



	Rodzina 	%F Rhinolophidae   podkowcowate%					https://pl.wikipedia.org/wiki/Podkowcowate

		Rodzaj	%G Rhinolophus   podkowiec%

			Gatunek	%L Rhinolophus acuminatus   %S podkowiec spiczasty%
				%L Rhinolophus adami   %S podkowiec samotny%
				%L Rhinolophus affinis   %S podkowiec posredni%
				%L Rhinolophus alcyone   %S podkowiec lagodny%
				%L Rhinolophus arcuatus   %S podkowiec lukowaty%
				%L Rhinolophus beddomei   %S podkowiec tamilski%
				%L Rhinolophus blasii   %S podkowiec poludniowy%
				%L Rhinolophus bocharicus   %S podkowiec bucharski%
				%L Rhinolophus borneensis   %S podkowiec borneanski%
				%L Rhinolophus canuti   %S podkowiec jawajski%
				%L Rhinolophus capensis   %S podkowiec przyladkowy%
				%L Rhinolophus celebensis   %S podkowiec sulaweski%
				%L Rhinolophus chiewkweeae   %S podkowiec zlotawy%
				%L Rhinolophus clivosus   %S podkowiec pagorkowaty%
				%L Rhinolophus coelophyllus   %S podkowiec birmanski%
				%L Rhinolophus cognatus   %S podkowiec andamanski%
				%L Rhinolophus cohenae   %S podkowiec poludniowoafrykanski%
				%L Rhinolophus convexus   %S podkowiec wypukly%
				%L Rhinolophus cornutus   %S podkowiec rogaty%
				%L Rhinolophus creaghi   %S podkowiec sundajski%
				%L Rhinolophus darlingi   %S podkowiec rodezyjski%
				%L Rhinolophus deckenii   %S podkowiec tanzanski%
				%L Rhinolophus denti   %S podkowiec sawannowy%
				%L Rhinolophus eloquens   %S podkowiec wymowny%
				%L Rhinolophus euryale   %S podkowiec srodziemnomorski%			https://pl.wikipedia.org/wiki/Podkowiec_%C5%9Br%C3%B3dziemnomorski
				%L Rhinolophus euryotis   %S podkowiec szerokouchy%
				%L Rhinolophus ferrumequinum   %S podkowiec duzy%			https://pl.wikipedia.org/wiki/Podkowiec_du%C5%BCy
				%L Rhinolophus formosae   %S podkowiec tajwanski%
				%L Rhinolophus fumigatus   %S podkowiec subsaharyjski%
				%L Rhinolophus guineensis   %S podkowiec gwinejski%
				%L Rhinolophus hildebrandtii   %S podkowiec malawski%
				%L Rhinolophus hilli   %S podkowiec rwandyjski%
				%L Rhinolophus hillorum   %S podkowiec wyzynny%
				%L Rhinolophus hipposideros   %S podkowiec maly%			https://pl.wikipedia.org/wiki/Podkowiec_ma%C5%82y
				%L Rhinolophus huananus   %S podkowiec tajemniczy%
				%L Rhinolophus imaizumii   %S podkowiec riukiuski%
				%L Rhinolophus inops   %S podkowiec mindanajski%
				%L Rhinolophus kahuzi   %S podkowiec kongijski%
				%L Rhinolophus keyensis   %S podkowiec indonezyjski%
				%L Rhinolophus landeri   %S podkowiec tropikalny%
				%L Rhinolophus lepidus   %S podkowiec gladki%
				%L Rhinolophus luctus   %S podkowiec welnisty%
				%L Rhinolophus mabuensis   %S podkowiec mabuanski%
				%L Rhinolophus maclaudi   %S podkowiec galeriowy%
				%L Rhinolophus macrotis   %S podkowiec wielkouchy%
				%L Rhinolophus madurensis   %S podkowiec wyspowy%
				%L Rhinolophus maendeleo   %S podkowiec unikatowy%
				%L Rhinolophus malayanus   %S podkowiec malajski%
				%L Rhinolophus marshalli   %S podkowiec indochinski%
				%L Rhinolophus megaphyllus   %S podkowiec wschodni%
				%L Rhinolophus mehelyi   %S podkowiec sredni%
				%L Rhinolophus mitratus   %S podkowiec mitrowy%
				%L Rhinolophus monoceros   %S podkowiec jednorogi%
				%L Rhinolophus montanus   %S podkowiec gorski%
				%L Rhinolophus mossambicus   %S podkowiec mozambicki%
				%L Rhinolophus nereis   %S podkowiec izolowany%
				%L Rhinolophus osgoodi   %S podkowiec dalijski%
				%L Rhinolophus paradoxolophus   %S podkowiec dziwnoczuby%
				%L Rhinolophus pearsonii   %S podkowiec wietnamski%
				%L Rhinolophus philippinensis   %S podkowiec filipinski%			https://pl.wikipedia.org/wiki/Podkowiec_filipi%C5%84ski
				%L Rhinolophus pusillus   %S podkowiec drobny%
				%L Rhinolophus rex   %S podkowiec krolewski%
				%L Rhinolophus robinsoni   %S podkowiec polwyspowy%
				%L Rhinolophus rouxii   %S podkowiec rudy%
				%L Rhinolophus rufus   %S podkowiec rudowlosy%
				%L Rhinolophus ruwenzorii   %S podkowiec ruwenzorski%
				%L Rhinolophus sakejiensis   %S podkowiec zambijski%
				%L Rhinolophus schnitzleri   %S podkowiec junnanski%
				%L Rhinolophus sedulus   %S podkowiec sarawaski%
				%L Rhinolophus shameli   %S podkowiec laotanski%
				%L Rhinolophus shortridgei   %S podkowiec mjanmarski%
				%L Rhinolophus siamensis   %S podkowiec tajski%
				%L Rhinolophus silvestris   %S podkowiec lesny%
				%L Rhinolophus simulator   %S podkowiec jaskiniowy%
				%L Rhinolophus sinicus   %S podkowiec chinski%
				%L Rhinolophus smithersi   %S podkowiec czujny%
				%L Rhinolophus stheno   %S podkowiec brunatny%
				%L Rhinolophus subbadius   %S podkowiec nepalski%
				%L Rhinolophus subrufus   %S podkowiec ryzy%
				%L Rhinolophus swinnyi   %S podkowiec deszczowy%
				%L Rhinolophus thailandensis   %S podkowiec orientalny%
				%L Rhinolophus thomasi   %S podkowiec piaskowcowy%
				%L Rhinolophus trifoliatus   %S podkowiec trojlistny%
				%L Rhinolophus willardi   %S podkowiec ryftowy%
				%L Rhinolophus xinanzhongguoensis   %S podkowiec skryty%
				%L Rhinolophus yunanensis   %S podkowiec bambusowy%
				%L Rhinolophus ziama   %S podkowiec liberyjski%

	Rodzina 	%F Hipposideridae   platkonosowate%							https://pl.wikipedia.org/wiki/P%C5%82atkonosowate

		Rodzaj	%G Anthops   kwiatonos%

			%LGatunek	Anthops ornatus   %S kwiatonos salomonski%					https://pl.wikipedia.org/wiki/Kwiatonos_salomo%C5%84ski

			%G Asellia   grzebieniec%								https://pl.wikipedia.org/wiki/Grzebieniec_(rodzaj_ssaka)

				%L Asellia arabica   %S grzebieniec arabski%
				%L Asellia patrizii   %S grzebieniec liscionosy%
				%L Asellia tridens   %S grzebieniec palmowy%					https://pl.wikipedia.org/wiki/Grzebieniec_palmowy

			%G Aselliscus   grzebienczyk%							https://pl.wikipedia.org/wiki/Grzebie%C5%84czyk

				%L Aselliscus stoliczkanus   %S grzebienczyk azjatycki%
				%L Aselliscus tricuspidatus   %S grzebienczyk wyspowy%

			%G Hipposideros   platkonos%							https://pl.wikipedia.org/wiki/P%C5%82atkonos

				%L Hipposideros abae   %S platkonos tropikalny%
		 		%L Hipposideros armiger   %S platkonos zbrojny%
 				%L Hipposideros ater   %S platkonos ciemny%
				%L Hipposideros beatus   %S platkonos wspanialy%
				%L Hipposideros bicolor   %S platkonos dwubarwny%
				%L Hipposideros boeadii   %S platkonos mniejszy%
				%L Hipposideros breviceps   %S platkonos krotkoglowy%
				%L Hipposideros caffer   %S platkonos kafryjski%
				%L Hipposideros calcaratus   %S platkonos ostrogowy%
				%L Hipposideros camerunensis   %S platkonos kamerunski%
				%L Hipposideros cervinus   %S platkonos plowy%
				%L Hipposideros cineraceus   %S platkonos popielaty%
				%L Hipposideros commersoni   %S platkonos duzy%
				%L Hipposideros coronatus   %S platkonos zwienczony%
				%L Hipposideros corynophyllus   %S platkonos samotny%
				%L Hipposideros coxi   %S platkonos pustelniczy%
				%L Hipposideros crumeniferus   %S platkonos timorski%
				%L Hipposideros curtus   %S platkonos kusy%
				%L Hipposideros cyclops   %S platkonos cyklopi%
				%L Hipposideros demissus   %S platkonos wyspowy%
				%L Hipposideros diadema   %S platkonos diademowy%			https://pl.wikipedia.org/wiki/P%C5%82atkonos_diademowy
				%L Hipposideros dinops   %S platkonos dziki%
				%L Hipposideros doriae   %S platkonos sundajski%
				%L Hipposideros durgadasi   %S platkonos skryty%
				%L Hipposideros dyacorum   %S platkonos dajacki%
				%L Hipposideros edwardshilli   %S platkonos papuaski%
				%L Hipposideros einnaythu   %S platkonos domowy%
				%L Hipposideros fuliginosus   %S platkonos okopcony%
				%L Hipposideros fulvus   %S platkonos brunatny%
				%L Hipposideros galeritus   %S platkonos orientalny%
				%L Hipposideros gigas   %S platkonos olbrzymi%
				%L Hipposideros grandis   %S platkonos wielki%
				%L Hipposideros griffini   %S platkonos wietnamski%
				%L Hipposideros halophyllus   %S platkonos tajski%
				%L Hipposideros hypophyllus   %S platkonos podlisciowy%
				%L Hipposideros inexpectatus   %S platkonos grzebieniasty%
				%L Hipposideros inornatus   %S platkonos skromny%
				%L Hipposideros jonesi   %S platkonos jaskiniowy%
				%L Hipposideros khaokhouayensis   %S platkonos laotanski%
				%L Hipposideros khasiana   %S platkonos gorski%
				%L Hipposideros lamottei   %S platkonos pieczarowy%
				%L Hipposideros lankadiva   %S platkonos hinduski%
				%L Hipposideros larvatus   %S platkonos posredni%
				%L Hipposideros lekaguli   %S platkonos piaskowcowy%
				%L Hipposideros lylei   %S platkonos tarczolicy%
				%L Hipposideros macrobullatus   %S platkonos wielkouchy%
				%L Hipposideros madurae   %S platkonos jawajski%
				%L Hipposideros maggietaylorae   %S platkonos zarloczny%
				%L Hipposideros marisae   %S platkonos tajemniczy%
				%L Hipposideros magalotis   %S platkonos uszaty%
				%L Hipposideros muscinus   %S platkonos nizinny%
				%L Hipposideros nequam   %S platkonos unikatowy%
				%L Hipposideros obscurus   %S platkonos filipinski%
				%L Hipposideros orbiculus   %S platkonos okraglolistny%
				%L Hipposideros papua   %S platkonos halmaherski%
				%L Hipposideros polingensis   %S platkonos pelenganski%
				%L Hipposideros pomona   %S platkonos zwyczajny%
				%L Hipposideros pratti   %S platkonos chinski%
				%L Hipposideros pygmaeus   %S platkonos karlowaty%
				%L Hipposideros ridleyi   %S platkonos singapurski%
				%L Hipposideros rotalis   %S platkonos ukryty%
				%L Hipposideros ruber   %S platkonos afrykanski%
				%L Hipposideros scutinares   %S platkonos tarczonosy%
				%L Hipposideros semoni   %S platkonos brodawkonosy%
				%L Hipposideros sorenseni   %S platkonos towarzyski%
				%L Hipposideros speoris   %S platkonos dekanski%
				%L Hipposideros stenotis   %S platkonos waskouchy%
				%L Hipposideros sumbae   %S platkonos sumbajski%
				%L Hipposideros tephrus   %S platkonos sahelski%
				%L Hipposideros thomensis   %S platkonos lawowy%
				%L Hipposideros turpis   %S platkonos drobny%
				%L Hipposideros vittatus   %S platkonos prazkowany%
				%L Hipposideros wollastoni   %S platkonos nowogwinejski%

		Rodzaj	%G Paracoelops%

			Gatunek	Paracoelops megalotis%

	Rodzina 	%F Rhinonycteridae   rogonosowate%							https://pl.wikipedia.org/wiki/Rogonosowate

		Rodzaj	%G Cloeotis   krotkouszek%

				%L Cloeotis percivali   %S krotkouszek afrykanski%

			%G Coelops   bezogonczyk%							https://pl.wikipedia.org/wiki/Bezogo%C5%84czyk

				%L Coelops frithii   %S bezogonczyk kraglouchy%					https://pl.wikipedia.org/wiki/Bezogo%C5%84czyk_kr%C4%85g%C5%82ouchy
				%L Coelops robinsoni  %S bezogonczyk malajski%

			%G Rhinonicteris   rogonos%

				%L Rhinonicteris aurantia  %S rogonos pomaranczowy%

			%G Paratriaenops   pseudotrojplatnik%						https://pl.wikipedia.org/wiki/Pseudotr%C3%B3jp%C5%82atnik

				%L Paratriaenops auritus  %S pseudotrojplatnik zlotawy%
				%L Paratriaenops furculus  %S pseudotrojplatnik malgaski%
				%L Paratriaenops pauliani  %S pseudotrojplatnik aldabarski%

			%G Triaenops   trojplatnik%							https://pl.wikipedia.org/wiki/Tr%C3%B3jp%C5%82atnik

				%L Triaenops afer  %S trojplatnik afrykanski%
				%L Triaenops menamena  %S trojplatnik madagaskarski%
				%L Triaenops parvus  %S trojplatnik jemenski%
				%L Triaenops persicus  %S trojplatnik perski%					https://pl.wikipedia.org/wiki/Tr%C3%B3jp%C5%82atnik_perski
				%L Triaenops rufus  %S trojplatnik rudy%

	Rodzina 	%F Megadermatidae   lironosowate%

		Rodzaj	%G Cardioderma   serconos%

				%L Cardioderma cor  %S serconos afrykanski%					https://pl.wikipedia.org/wiki/Serconos_afryka%C5%84ski

			%G Lavia   lawia%

				%L Lavia frons  %S lawia zoltoskrzydla%					https://pl.wikipedia.org/wiki/Lawia_%C5%BC%C3%B3%C5%82toskrzyd%C5%82a

			%G Macroderma   dusznik%

				%L Macroderma gigas  %S dusznik australijski%					https://pl.wikipedia.org/wiki/Dusznik_australijski

			%G Megaderma   lironos%							https://pl.wikipedia.org/wiki/Lironos

				%L Megaderma lyra  %S lironos wielkoskrzydly%				https://pl.wikipedia.org/wiki/Lironos_wielkoskrzyd%C5%82y
				%L Megaderma spasma  %S lironos zoltozylkowany%

	Rodzina 	%F Rhinopomatidae   brodawkonosowate%							https://pl.wikipedia.org/wiki/Brodawkonosowate

		Rodzaj	%G Rhinopoma   brodawkonos%							https://pl.wikipedia.org/wiki/Brodawkonos

				%L Rhinopoma cystops  %S brodawkonos afrykanski%
				%L Rhinopoma hadramauticum  %S brodawkonos jemenski%
				%L Rhinopoma hardwickii  %S brodawkonos maly%
				%L Rhinopoma macinnesi  %S brodawkonos pustynny%
				%L Rhinopoma microphyllum  %S brodawkonos duzy%				https://pl.wikipedia.org/wiki/Brodawkonos_du%C5%BCy
				%L Rhinopoma muscatellum  %S brodawkonos drobny%

		Rodzaj	%G Qarunycteris ligatum%

				%L Qarunycteris moerisae %S ligatum morskie%

		Rodzaj	%G Corbarhina korbowaty%

				%L Corbarhina handae %S korbowaty dłoniasty%

	Rodzina %F Craseonycteridae   swinionosowate%

		Rodzaj	%G Craseonycterid   swinionos%

				%L Craseonycteris thonglongyai  %S swinionos malutki%				https://pl.wikipedia.org/wiki/%C5%9Awinionos_malutki

//~~~~~~~~~~~~~~~~~~~~~~~~~~~~~~~~~~~~~~~~~~~~~~~~

%Podrzad	Vespertilioniformes   mroczkoksztaltne								https://pl.wikipedia.org/wiki/Mroczkokszta%C5%82tne

	Rodzina %F Emballonuridae   upiorowate%								https://pl.wikipedia.org/wiki/Upiorowate

		%Podrodzina	Taphozoinae   grobowniki						https://pl.wikipedia.org/wiki/Grobowniki

			Rodzaj	%G Saccolaimus   sakiewnik%

				Gatunek	%L Saccolaimus flaviventris  %S sakiewnik zoltobrzuchy%
					%L Saccolaimus mixtus  %S sakiewnik papuaski%
					%L Saccolaimus peli  %S sakiewnik afrykanski%
					%L Saccolaimus saccolaimus  %S sakiewnik nagozady%

			Rodzaj	%G Taphozous   grobownik%

				%Podrodzaj	Taphozous

					Gatunek	%L Taphozous achates  %S grobownik nizinny%
						%L Taphozous australis  %S grobownik wydmowy%
						%L Taphozous georgianus  %S grobownik ostronosy%
						%L Tophozous hildegardeae  %S grobownik nadmorski%
						%L Taphozous hilli  %S grobownik pustynny%
						%L Taphozous kapalgensis  %S grobownik namorzynowy%
						%L Taphozous longimanus  %S grobownik dlugoskrzydly%			https://pl.wikipedia.org/wiki/Grobownik_d%C5%82ugoskrzyd%C5%82y
						%L Taphozous mauritianus  %S grobownik mauretanski%
						%L Taphozous melanopogon  %S grobownik czarnobrody%
						%L Taphozous perforatus  %S grobownik sawannowy%
						%L Taphozous theobaldi  %S grobownik dzunglowy%
						%L Taphozous troughtoni  %S grobownik skalny%
				%Podrodzaj	Liponycteris
						%L Taphozous hamiltoni  %S grobownik skryty%
						%L Taphozous nudiventris  %S grobownik golobrzuchy%

		%PodrodzinaEmballonurinae   upiory								https://pl.wikipedia.org/wiki/Upiory_(podrodzina_ssak%C3%B3w)

			Rodzaj	%G Balantiopteryx  %S worecznik%							https://pl.wikipedia.org/wiki/Worecznik

				Gatunek	%L Balantiopteryx infusca  %S worecznik ekwadorski%
					%L Balantiopteryx io  %S worecznik meksykanski%
					%L Balantiopteryx plicata  %S worecznik szary%

				%G Centronycteris   kudlatek%							https://pl.wikipedia.org/wiki/Kud%C5%82atek

					%L Centronycteris centralis  %S kudlatek powolny%
					%L Centronycteris maximiliani  %S kudlatek dziuplowy%

				%G Coleura   pochewnik%								https://pl.wikipedia.org/wiki/Pochewnik

					%L Coleura afra  %S pochewnik afrykanski%
					%L Coleura kibomalandy  %S pochewnik madagaskarski%
					%L Coleura seychellensis  %S pochewnik seszelski%

				%G Cormura   kasztanik%

					%L Cormura brevirostris  %S kasztanik krotkopyski%

				%G Cyttarops   malousznik%

					%L Cyttarops alecto  %S malousznik amerykanski%

			Rodzaj	%G Diclidurus   duszek%								https://pl.wikipedia.org/wiki/Duszek_(rodzaj_ssaka)

				%Podrodzaj	Diclidurus
						%L Diclidurus albus  %S duszek bialy%					https://pl.wikipedia.org/wiki/Duszek_bia%C5%82y
						%L Diclidurus ingens  %S duszek duzy%
						%L Diclidurus scutatus  %S duszek tarczowy%
				%Podrodzaj	Depanycteris
						%L Diclidurus isabellus  %S duszek wilgotny%				https://pl.wikipedia.org/wiki/Duszek_wilgotny

			Rodzaj	%G Emballonura   upior%

				Gatunek	%L Emballonura alecto  %S upior filipinski%
					%L Emballonura atrata  %S upior malgaski%
					%L Emballonura beccarii  %S upior jaskiniowy%
					%L Emballonura dianae  %S upior wielkouchy%
					%L Emballonura furax  %S upior zlodziejski%
					%L Emballonura monticola  %S upior gorski%					https://pl.wikipedia.org/wiki/Upi%C3%B3r_g%C3%B3rski
					%L Emballonura raffrayana  %S upior papuaski%
					%L Emballonura semicaudata  %S upior pacyficzny%
					%L Emballonura serii  %S upior nowogwinejski%

			Rodzaj	%G Mosia   papuasnik%

				Gatunek	%L Mosia nigrescens  %S papuasnik czarnawy%

			Rodzaj	%G Peropteryx   psinek%								https://pl.wikipedia.org/wiki/Psinek

				%Podrodzaj	Peropteryx

					Gatunek	%L Peropteryx pallidoptera  %S psinek bladoskrzydly%
						%L Peropteryx kappleri  %S psinek wiekszy%
						%L Peropteryx macrotis  %S psinek mniejszy%
						%L Peropteryx trinitatis  %S psinek karaibski%

				%Podrodzaj	Peronymus

						%L Peropteryx leucoptera  %S psinek bialoskrzydly%

			Rodzaj	%G Rhynchonycteris   dlugonosek%

					Gatunek	%L Rhynchonycteris naso  %S dlugonosek amerykanski%			https://pl.wikipedia.org/wiki/D%C5%82ugonosek_ameryka%C5%84ski

			Rodzaj	%G Saccopteryx   kieszennik%							https://pl.wikipedia.org/wiki/Kieszennik

				Gatunek		%L Saccopteryx antioquensis  %S kieszennik drobny%
						%L Saccopteryx bilineata  %S kieszennik dwupregi%
						%L Saccopteryx canescens  %S kieszennik siwy%
						%L Saccopteryx gymnura  %S kieszennik amazonski%
						%L Saccopteryx leptura  %S kieszennik cienkoogonowy%

	Rodzina 	%F Nycteridae   bruzdonosowate%									https://pl.wikipedia.org/wiki/Bruzdonosowate

			Rodzaj	%G Nycteris   bruzdonos%

				Gatunek	%L Nycteris arge  %S bruzdonos rownikowy%
					%L Nycteris aurita  %S bruzdonos uszaty%
					%L Nycteris gambiensis  %S bruzdonos gambijski%
					%L Nycteris grandis  %S bruzdonos wielki%
					%L Nycteris hispida  %S bruzdonos owlosiony%
					%L Nycteris intermedia  %S bruzdonos posredni%
					%L Nycteris javanica  %S bruzdonos jawajski%
					%L Nycteris macrotis  %S bruzdonos wielkouchy%
					%L Nycteris madagascariensis  %S bruzdonos madagaskarski%
					%L Nycteris major  %S bruzdonos duzy%
					%L Nycteris nana  %S bruzdonos malutki%
					%L Nycteris parisii  %S bruzdonos skryty%
					%L Nycteris thebaica  %S bruzdonos egipski%					https://pl.wikipedia.org/wiki/Bruzdonos_egipski
					%L Nycteris tragata  %S bruzdonos sundajski%
					%L Nycteris vinsoni  %S bruzdonos samotny%
					%L Nycteris woodi  %S bruzdonos sawannowy%

	Rodzina %F Myzopodidae   ssawkonogowate%								https://pl.wikipedia.org/wiki/Ssawkonogowate

			Rodzaj	%G Myzopoda   ssawkonog%							https://pl.wikipedia.org/wiki/Ssawkon%C3%B3g

					Gatunek	%L Myzopoda aurita  %S ssawkonog uszaty%				https://pl.wikipedia.org/wiki/Ssawkon%C3%B3g_uszaty
						%L Myzopoda schliemanni  %S ssawkonog skryty%			https://pl.wikipedia.org/wiki/Ssawkon%C3%B3g_skryty
						%L Myzopoda africana  %S ssawkonog afrykanski%
				%Phasmatonycteris			

	Rodzina %F Mystacinidae   wasonosowate%									https://pl.wikipedia.org/wiki/W%C4%85sonosowate

			Rodzaj	%G Mystacina   wasonos%							https://pl.wikipedia.org/wiki/W%C4%85sonos

					Gatunek	%L Mystacina robusta  %S wasonos wiekszy%
						%L Mystacina tuberculata  %S wasonos mniejszy%			https://pl.wikipedia.org/wiki/W%C4%85sonos_mniejszy
						%L Mystacina miocenalis %S wasonos micenski%

				%Icarops

	Rodzina %G Phyllostomidae   liscionosowate%								https://pl.wikipedia.org/wiki/Li%C5%9Bcionosowate

		%Podrodzina	Desmodontinae   wampiry							https://pl.wikipedia.org/wiki/Wampiry

				Rodzaj	%G Desmodus   wampir%							https://pl.wikipedia.org/wiki/Wampir_(rodzaj_ssaka)

						Garunek	%L Desmodus rotundus  %S wampir zwyczajny%			https://pl.wikipedia.org/wiki/Wampir_zwyczajny
							%L Desmodus draculae  %S wampir olbrzymi%

				Rodzaj	%G Diaemus   wampirzec%

							%L Diaemus youngi  %S wampirzec bialoskrzydly%
				Rodzaj	%G Diphylla   wampirek%

							%L Diphylla hairea  %S wampirek sierscionogi%

		%Podrodzina	Brachyphyllinae   rekoliscie							https://pl.wikipedia.org/wiki/R%C4%99koli%C5%9Bcie

				Rodzaj	%G Brachyphylla   rekolisc%

						Gatunek	%L Brachyphylla cavernarum  %S rekolisc jaskiniowy%
							%L Brachyphylla nana  %S rekolisc kubanski%

		%Podrodzina	Phyllonycterinae   liscioloty							https://pl.wikipedia.org/wiki/Li%C5%9Bcioloty

				Rodzaj	%G Erophylla   kwiatojad%						https://pl.wikipedia.org/wiki/Kwiatojad

						Gatunek	%L Erophylla bombifrons  %S kwiatojad brunatny%
							%L Erophylla sezekorni  %S kwiatojad plowy%

				Rodzaj	%G Phyllonycteris   lisciolot%						https://pl.wikipedia.org/wiki/Li%C5%9Bciolot

					%Podrodzaj	Phyllonycteris
						Gatunek	%L Phyllonycteris major  %S lisciolot portorykanski%
							%L Phyllonycteris poeyi  %S lisciolot kubanski%			https://pl.wikipedia.org/wiki/Li%C5%9Bciolot_kuba%C5%84ski
					%Podrodzaj	Reithronycteris
							%L Phyllonycteris aphylla  %S lisciolot jamajski%

		%Podrodzina	Glossophaginae   jezorniki							https://pl.wikipedia.org/wiki/J%C4%99zorniki

			%Plemie	Glossophagini   jezorniki							https://pl.wikipedia.org/wiki/J%C4%99zorniki_(plemi%C4%99)

				Rodzaj	%G Glossophaga   jezornik%						https://pl.wikipedia.org/wiki/J%C4%99zornik

					Gatunek	%L Glossophaga commissarisi  %S jezornik dzunglowy%
						%L Glossophaga leachii  %S jezornik szary%
						%L Glossophaga longirostris  %S jezornik dlugonosy%
						%L Glossophaga morenoi  %S jezornik zaroslowy%
						%L Glossophaga soricina  %S jezornik ryjowkowaty%			https://pl.wikipedia.org/wiki/J%C4%99zornik_ryj%C3%B3wkowaty

				Rodzaj	%G Leptonycteris   smuklonosek%						https://pl.wikipedia.org/wiki/Smuk%C5%82onosek

					Gatunek	%L Leptonycteris curasoae  %S smuklonosek kaktusowy%
						%L Leptonycteris nivalis  %S smuklonosek duzy%				https://pl.wikipedia.org/wiki/Smuk%C5%82onosek_du%C5%BCy
						%L Leptonycteris yerbabuenae  %S smuklonosek maly%

					%G Monophyllus   jednoplatek%						https://pl.wikipedia.org/wiki/Jednop%C5%82atek

						%L Monophyllus plethodon  %S jednoplatek wyspowy%
						%L Monophyllus redmani  %S jednoplatek kubanski%

			%Plemie	Choeronycterini   wieprzoryjki							https://pl.wikipedia.org/wiki/Wieprzoryjki

				Rodzaj	%G Anoura   brakogonek%						https://pl.wikipedia.org/wiki/Brakogonek

					Gatunek	%L Anoura cadenai  %S brakogonek kordylierski%
						%L Anoura canishina  %S brakogonek kolumbijski%
						%L Anoura caudifer  %S brakogonek ogoniasty%
						%L Anoura cultrata  %S brakogonek naktarowy%
						%L Anoura fistulata  %S brakogonek rurkowargi%			https://pl.wikipedia.org/wiki/Brakogonek_rurkowargi
						%L Anoura geoffroyi  %S brakogonek dzunglowy%
						%L Anoura latidens  %S brakogonek szerokozebny%
						%L Anoura luismanueli  %S brakogonek stokowy%

				Rodzaj	%G Choeroniscus   dlugoryjek%						https://pl.wikipedia.org/wiki/D%C5%82ugoryjek

					Gatunek	%L Choeroniscus godmani  %S dlugoryjek dzunglowy%
						%L Choeroniscus minor  %S dlugoryjek maly%
						%L Choeroniscus periosus  %S dlugoryjek duzy%

				Rodzaj	%G Choeronycteris   wieprzoryjek%

						%L Choeronycteris mexicana  %S wieprzoryjek meksykanski%

				Rodzaj	%G Dryadonycteris   driadek%

						%L Dryadonycteris capixaba  %S driadek lesny%

				Rodzaj	%G Hylonycteris   nietopernik%

						%L Hylonycteris underwoodi  %S nietopernik stokowy%

				Rodzaj	%G Lichonycteris   jezornicznik%

						%L Lichonycteris obscura  %S jezornicznik ciemny%

				Rodzaj	%G Musonycteris   bananowek%

						%L Musonycteris harrisoni  %S bananowek meksykanski%

				Rodzaj	%G Scleronycteris   jezykowiec%

						%L Scleronycteris ega  %S jezykowiec amazonski%

			%Plemie	Lonchophyllini   nektaroloty

				Rodzaj	%G Lionycteris   nektaronocek%

					Gatunek	%L Lionycteris spurrelli  %S nektaronocek kasztanowaty%

				Rodzaj	%G Lonchophylla   nektarolot%						https://pl.wikipedia.org/wiki/Nektarolot

					Gatunek	%L Lonchophylla bokermanni  %S nektarolot samotny%
						%L Lonchophylla cadenai  %S nektarolot kolumbijski%
						%L Lonchophylla chocoana  %S nektarolot duzy%
						%L Lonchophylla concava  %S nektarolot rabujacy%
						%L Lonchophylla dekeyseri  %S nektarolot stoleczny%
						%L Lonchophylla fornicata  %S nektarolot nizinny%
						%L Lonchophylla handleyi  %S nektarolot jaskiniowy%
						%L Lonchophylla hesperia  %S nektarolot skryty%
						%L Lonchophylla mordax  %S nektarolot kasajacy%
						%L Lonchophylla orcesi  %S nektarolot tajemniczy%
						%L Lonchophylla orienticollina  %S nektarolot kordylierski%
						%L Lonchophylla peracchii  %S nektarolot lesny%
						%L Lonchophylla robusta  %S nektarolot pomaranczowy%
						%L Lonchophylla thomasi  %S nektarolot strumieniowy%


				Rodzaj	%G Platalina   dlugopyszczek%

						%L Platalina genovensium  %S dlugopyszczek peruwianski%

				Rodzaj	%G Xeronycteris   sucholubek%

						%L Xeronycteris vieirai  %S sucholubek brazylijski%

		%Podrodzina	Phyllostominae   liscionosy							https://pl.wikipedia.org/wiki/Li%C5%9Bcionosy

				Rodzaj	%G Chrotopterus   welnianek%

						%L Chrotopterus auritus  %S welnianek uszaty%

				Rodzaj	%G Glyphonycteris   uszatek%						https://pl.wikipedia.org/wiki/Uszatek

						%L Glyphonycteris behnii  %S uszatek skryty%
						%L Glyphonycteris daviesi  %S uszatek szaropiersiowy%
						%L Glyphonycteris sylvestris  %S uszatek trojbarwny%

				Rodzaj	%G Lampronycteris   blyszczek%

						%L Lampronycteris brachyotis  %S blyszczek zoltoszyi%

				Rodzaj	%G Lonchorhina   mieczonos%						https://pl.wikipedia.org/wiki/Mieczonos

						%L Lonchorhina aurita  %S mieczonos uszaty%
						%L Lonchorhina fernandezi  %S mieczonos wenezuelski%
						%L Lonchorhina inusitata  %S mieczonos niezwykly%
						%L Lonchorhina marinkellei  %S mieczonos skryty%
						%L Lonchorhina orinocensis  %S mieczonos jaskiniowy%

				Rodzaj	%G Lophostoma   czuboustek%						https://pl.wikipedia.org/wiki/Czuboustek

						%L Lophostoma aequatorialis  %S czuboustek rownikowy%
						%L Lophostoma brasiliense  %S czuboustek karlowaty%
						%L Lophostoma carrikeri  %S czuboustek termitierowy%
						%L Lophostoma evotis  %S czuboustek nizinny%
						%L Lophostoma kalkoae  %S czuboustek bialobrzuchy%
						%L Lophostoma schulzi  %S czuboustek skryty%
						%L Lophostoma silvicolum  %S czuboustek bialogardly%
						%L Lophostoma yasuni  %S czuboustek ekwadorski%

					%G Macrophyllum   wielkoplat%

						%L Macrophyllum macrophyllum   wielkoplat dlugonogi%

					%G Macrotus   wielkouszak%						https://pl.wikipedia.org/wiki/Wielkouszak

						%L Macrotus californicus  %S wielkouszak kalifornijski%
						%L Macrotus waterhousii  %S wielkouszak liscionosy%

					%G Micronycteris   karlogacek%						https://pl.wikipedia.org/wiki/Kar%C5%82ogacek

						%L Micronycteris brosseti  %S karlogacek amazonski%
						%L Micronycteris buriri  %S karlogacek wyspowy%
						%L Micronycteris giovanniae  %S karlogacek ekwadorski%
						%L Micronycteris hirsuta  %S karlogacek kosmaty%
						%L Micronycteris homezi  %S karlogacek skryty%
						%L Micronycteris matses  %S karlogacek samotny%
						%L Micronycteris megalotis  %S karlogacek wielkouchy%			https://pl.wikipedia.org/wiki/Kar%C5%82ogacek_wielkouchy%
						%L Micronycteris microtis  %S karlogacek zwyczajny%
						%L Mieronycteris minuta  %S karlogacek bialobrzuchy%
						%L Micronytteris sanborni  %S karlogacek brazylijski%
						%L Micronycteris schmidtorum  %S karlogacek lesny%
						%L Micronycteris yatesi  %S karlogacek boliwijski%

					%G Mimon   mimon%							https://pl.wikipedia.org/wiki/Mimon_(rodzaj_ssaka)

						%L Mimon bennettii  %S mimon zloty%
						%L Mimon cozumelae  %S mimon kozumelski%
						%L Mimon crenulatum  %S mimon pregowany%
						%L Mimon koepckeae  %S mimon sierscionosy%

					%G Neonycteris   wielkouszek%

						%L Neonycteris pusilla  %S wielkouszek malutki%

					%G Phylloderma   liscioskorek%

						%L Phylloderma stenops  %S liscioskorek jasnolicy%

					%G Phyllostomus   liscionos%						https://pl.wikipedia.org/wiki/Li%C5%9Bcionos

						%L Phyllostomus discolor  %S liscionos jasny%
						%L Phyllostomus elongatus  %S liscionos maly%
						%L Phyllostomus hastatus  %S liscionos okazaly%				https://pl.wikipedia.org/wiki/Li%C5%9Bcionos_okaza%C5%82y
						%L Phyllostomus latifolius  %S liscionos gujanski%

					%G Tonatia   tonatia%							https://pl.wikipedia.org/wiki/Tonatia

						%L Tonatia bidens  %S tonatia ptaszkozerna%
						%L Tonatia saurophila  %S tonatia gadolubna%

					%G Trachops   zabojadek%

						%L Trachops cirrhosus  %S zabojadek brazylijski%
					%G Trinycteris   liscionosek%

						%L Trinycteris nicefori  %S liscionosek lesny%

					%G Vampyrum   widmowiec%

						%L Vampyrum spectrum  %S widmowiec wielki%				https://pl.wikipedia.org/wiki/Widmowiec_wielki

		%Podrodzina	Carolliinae   karolie								https://pl.wikipedia.org/wiki/Karolie

				Rodzaj	%G Carollia   karolia%							https://pl.wikipedia.org/wiki/Karolia

					Garunek	%L Carollia benkeithi  %S karolia amazonska%
						%L Carollia brevicauda  %S karolia jedwabista%
						%L Carollia castanea  %S karolia kasztanowa%
						%L Carollia columbiana  %S karolia kolumbijska%
						%L Carollia manu  %S karolia peruwianska%
						%L Carollia monohernandezi  %S karolia lesna%
						%L Carollia perspicillata  %S karolia okularowa%				https://pl.wikipedia.org/wiki/Karolia_okularowa
						%L Carollia sowelli  %S karolia srodkowoameryka%
						%L Carollia subrufa  %S karolia szarawa%

				Rodzaj	%G Rhinophylla   listkonosek%						https://pl.wikipedia.org/wiki/Listkonosek

					Garunek	%L Rhinophylla alethina  %S listkonosek owlosiony%
						%L Rhinophylla fischerae  %S listkonosek dzunglowy%
						%L Rhinophylla pumlio  %S listkonosek karlowaty%

		%Podrodzina	Stenodermatinae   owocnikowce						https://pl.wikipedia.org/wiki/Owocnikowce

				%Plemie	Sturnirini   zoltobarczyki						https://pl.wikipedia.org/wiki/%C5%BB%C3%B3%C5%82tobarczyki

					Rodzaj	%G Sturnira   zoltobarczyk%

						%Podrodzaj	Sturnira

							Gatunek	%L Sturnira aratathomasi  %S zoltobarczyk gorski%
								%L Sturnira bogotensis  %S zoltobarczyk mgielny%
								%L Sturnira erythromos  %S zoltobarczyk owlosiony%
								%L Sturnira koopmanhili  %S zoltobarczyk skryty%
								%L Sturnira lilium  %S zoltobarczyk maly%		https://pl.wikipedia.org/wiki/%C5%BB%C3%B3%C5%82tobarczyk_ma%C5%82y
								%L Sturnira ludovici  %S zoltobarczyk wyzynny%
								%L Sturnira luisi  %S zoltobarczyk pacyficzny%
								%L Sturnira magna  %S zoltobarczyk duzy%
								%L Sturnira mistratensis  %S zoltobarczyk samotny%
								%L Sturnira mordax  %S zoltobarczyk kordylierski%
								%L Sturnira oporaphilum  %S zoltobarczyk andyjski%
								%L Sturnira perla  %S zoltobarczyk ekwadorski%
								%L Sturnira sorianoi  %S zoltobarczyk tajemniczy%
								%L Sturnira thomasi  %S zoltobarczyk antylski%
								%L Sturnira tildae  %S zoltobarczyk amazonski%

							%Podrodzaj	Corvira

								%L Sturnira bidens  %S zoltobarczyk dwuzebny%
								%L Sturnira nana  %S zoltobarczyk drobny%

				%Plemie	Stenodermatini   owocnikowce						https://pl.wikipedia.org/wiki/Owocnikowce_(plemi%C4%99_ssak%C3%B3w)

					Rodzaj	%G Ametrida   malek%

							%L Ametrida centurio  %S malek bialobarki%

						%G Ardops   antylot%

							%L Ardops nichollsi  %S antylot wyspowy%

						%G Ariteus   figozerek%

							%L Ariteus flavescens  %S figozerek jamajski%

						%Artibeus   owocowiec
						%G Centurio   starzec%

							%L Centurio senex  %S starzec pomarszczony%			https://pl.wikipedia.org/wiki/Starzec_pomarszczony

						%Chiroderma   wielkook
						%G Ectophylla   podlistnik%

							%L Ectophylla alba  %S podlistnik bialawy%			https://pl.wikipedia.org/wiki/Podlistnik_bia%C5%82awy

						%G Enchisthenes   wielkooczek%

							%L Enchisthenes hartii  %S wielkooczek aksamitny%

						%G Mesophylla   namiotowiec%

							%L Mesophylla macconnelli  %S namiotowiec palmowy%

						%G Phyllops   lisciolotnik%

							%L Phyllops falcatus  %S lisciolotnik sierpowaty%

						%Platyrrhinus   szerokonos
						%G Pygoderma   skorozad%

							%L Pygoderma bilabiatum  %S skorozad dwuwargi%

						%G Sphaeronycteris   maskonosek%

							%L Sphaeronycteris toxophyllum  %S maskonosek amerykanski%

						%G Stenoderma   owocnikowiec%

							%L Stenoderma rufum  %S owocnikowiec rudy%

						%Uroderma   namiotnik
						%Vampyressa   zoltouch
						%G Vampyrodes   straszydlak%

							%L Vampyrodes caraccioli  %S straszydlak paskoglowy%

	Rodzina %F Mormoopidae   straszakowate%									https://pl.wikipedia.org/wiki/Straszakowate

		Rodzaj	%G Heleophryne   Straszaki%

			Gatunek	%L Heleophryne hewitti  %S straszak helwecki%						https://pl.wikipedia.org/wiki/Heleophryne_hewitti
				%L Heleophryne natalensis  %S straszak nikczemny%							https://pl.wikipedia.org/wiki/Heleophryne_natalensis
				%L Heleophryne orientalis  %S straszak wschodni%							https://pl.wikipedia.org/wiki/Heleophryne_orientalis
				%L Heleophryne purcelli  %S straszak czysty%
				%L Heleophryne regis  %S straszak krolewski%
				%L Heleophryne rosei  %S straszak kapsztadzki%

	Rodzina 	%Noctilionidae   rybakowate
	Rodzina 	%Furipteridae   furiakowate
	Rodzina 	%Thyropteridae   przylgowcowate
	Rodzina 	%Natalidae   lejkouchowate
	Rodzina 	%Molossidae   molosowate									https://pl.wikipedia.org/wiki/Molosowate

		%Podrodzina	Molossinae
				%Tomopeatinae

	Rodzina %Cistugidae   wlosiakowate									https://pl.wikipedia.org/wiki/Mroczkowate
	Rodzina %FVespertilionidae   mroczkowate

			%Podrodzina	Vespertilioninae   mroczki

					%Plemie	Eptesicini   mroczki

						Rodzaj	%G Arielulus   arielek%					https://pl.wikipedia.org/wiki/Arielek

							Gatunek	%L Arielulus aureocollaris  %S Arielek kolnierzowaty%
								%L Arielulus circumdatus  %S Arielek okraglasty%
								%L Arielulus cuprosus  %S Arielek ciekawski%
								%L Arielulus societatis  %S Arielek stadny%
								%L Arielulus torquatus  %S Arielek krety%

						Rodzaj	%G Eptesicus   mroczek%					https://pl.wikipedia.org/wiki/Mroczek_(nietoperze)

								%L Eptesicus baverstocki  %S Mroczek bawarski%
								%L Eptesicus bobrinskoi  %S Mroczek bobronosy%
								%L Eptesicus bottae  %S Mroczek podeszwowy%
								%L Eptesicus brasiliensis  %S Mroczek brazylijski%
								%L Eptesicus brunneus  %S Mroczek czarny%
								%L Eptesicus capensis  %S Mroczek czepiasty%
								%L Eptesicus demissus  %S Mroczek polowiasty%
								%L Eptesicus diminutus  %S Mroczek mniejszy%
								%L Eptesicus douglasorum  %S mroczek zwyczajny%
								%L Eptesicus flavescens  %S Mroczek kwiatonosy%
								%L Eptesicus floweri  %S Mroczek kwiecisty%
								%L Eptesicus furinalis  %S Mroczek futrzasty%
								%L Eptesicus fuscus   mroczek brunatny%		https://pl.wikipedia.org/wiki/Mroczek_brunatny
								%L Eptesicus guadeloupensis  %S Mroczek gwadelupski%
								%L Eptesicus guineensisv  %S Mroczek gwinejski%
								%L Eptesicus hottentotus  %S Mroczek hottentocki%
								%L Eptesicus innoxius  %S Mroczke niewinny%
								%L Eptesicus kobayashii  %S Mroczek japonski%
								%L Eptesicus melckorum  %S Mroczek mroczny%
								%L Eptesicus nasutus  %S Mroczek wedrowny%
								%L Eptesicus nilssoni  %S mroczek pozlocisty%		https://pl.wikipedia.org/wiki/Mroczek_poz%C5%82ocisty%
								%L Eptesicus pachyotis  %S Mroczek szerokoskrzydly%
								%L Eptesicus platyops  %S Mroczek wielkooki%
								%L Eptesicus pumilus  %S Mroczek gladki%
								%L Eptesicus regulus  %S Mroczek szlachetny%
								%L Eptesicus rendalli  %S Mroczek kaukaski%
								%L Eptesicus sagittula  %S Mroczek krwisty%
								%L Eptesicus serotinus  %S mroczek pozny%		https://pl.wikipedia.org/wiki/Mroczek_p%C3%B3%C5%BAny
								%L Eptesicus somalicus  %S Mroczek somalijski%
								%L Eptesicus tatei  %S Mroczek chinski%
								%L Eptesicus tenuipinnis  %S Mroczek drzewny%
								%L Eptesicus vulturnus  %S Mroczek paskudny%

							%Hesperoptenus   zmroczek
							%Rhyneptesicus   pomroczek

					%Plemie	Lasiurini   kosmatniki

							%Lasiurus   kosmatnik

					%Plemie	Nyctyceiini   wieczorki

							%Nyctyceinops   polmroczek
							%Nycticeius   wieczorek
							%Rhogeessa   zolcinek
							%coteanax   szerokopyszczek
							%Scotoecus   maurek
							%Scotomanes   arlekinek
							%Scotophilus   ciemnolubek
							%Scotorepens   szerokonosek

					%Plemie	Nyctophilini   nocolubki

							%Nyctophilus   nocolubek
							%Pharotis   kapturouszek

					%Plemie	Pipistrellini   karliki

							%Glischropus   grubopalczyk
							%G Nyctalus   borowiec%					https://pl.wikipedia.org/wiki/Borowiec_(rodzaj_ssaka)

								%L Nyctalus aviator  %S borowiec ptasi%
								%L Nyctalus azoreum  %S borowiec azorski%
								%L Nyctalus furvus  %S borowiec japonski%
								%L Nyctalus lasiopterus  %S borowiec olbrzymi%		https://pl.wikipedia.org/wiki/Borowiec_olbrzymi
								%L Nyctalus leisleri  %S borowiec lesny%		https://pl.wikipedia.org/wiki/Borowiec_le%C5%9Bny
								%L Nyctalus montanus  %S borowiec gorski%
								%L Nyctalus noctula  %S borowiec wielki%		https://pl.wikipedia.org/wiki/Borowiec_wielki
								%L Nyctalus plancyi  %S borowiec chinski%

							%Parastrellus   karlikowiec
							%Perimyotis   karlicznik

						Rodzaj	%G Pipistrellus   karlik%					https://pl.wikipedia.org/wiki/Karlik_(nietoperze)

							Gatunek	%L Pipistrellus abramus  %S Karlik pierwotny%
								%L Pipistrellus adamsi  %S Karlik tamski%
								%L Pipistrellus aero  %S Karlik powietrzny%
								%L Pipistrellus angulatus  %S Karlik krzywonosy%
								%L Pipistrellus ceylonicus  %S Karlik cejlonski%
								%L Pipistrellus collinus  %S Karlik madry%
								%L Pipistrellus coromandra  %S Karlik plamisty%
								%L Pipistrellus deserti %S Karlik pustynny%
								%L Pipistrellus endoi  %S Karlik arktyczny%
								%L Pipistrellus hanaki  %S Karlik chinski%
								%L Pipistrellus hesperidus  %S Karlik jableczny%
								%L Pipistrellus hesperus  %S Karlik zlotonosy%
								%L Pipistrellus inexspectatus  %S Karlik niespodziewany%
								%L Pipistrellus javanicus  %S Karlik jawajski%
								%L Pipistrellus maderensis  %S Karlik mateczny%
								%L Pipistrellus minahassae  %S karlik niemiecki%
								%L Pipistrellus murrayi  %S Karlik amerykanski%
								%L Pipistrellus nanulus  %S Karlik mniejszy%
								%L Pipistrellus papuanus  %S Karlik papuaski%
								%L Pipistrellus paterculus  %S Karlik ojczysty%
								%L Pipistrellus permixtus  %S Karlik przywzwolony%
								%L Pipistrellus rueppellii  %S Karlik wloski%
								%L Pipistrellus rusticus  %S Karlik rdzawy%
								%L Pipistrellus stenopterus  %S Karlik gladkoskrzydly%
								%L Pipistrellus sturdeei  %S Karlik twardy%
								%L Pipistrellus subflavus  %S Karlik bezbledny%
								%L Pipistrellus tenuis  %S Karlik tenuenski%
								%L Pipistrellus wattsi  %S Karlik szkocki%
								%L Pipistrellus westralis  %S Karlik zachodni%
								%L Pipistrellus kuhlii  %S karlik sredni%		https://pl.wikipedia.org/wiki/Karlik_%C5%9Bredni
								%L Pipistrellus nathusii  %S karlik wiekszy%		https://pl.wikipedia.org/wiki/Karlik_wi%C4%99kszy%
								%L Pipistrellus pipistrellus  %S karlik malutki%		https://pl.wikipedia.org/wiki/Karlik_malutki
								%L Pipistrellus pygmaeus  %S karlik drobny%		https://pl.wikipedia.org/wiki/Karlik_drobny

							%Scotozous   nocodekanik

					%Plemie	Plecotini   gacki

						Rodzaj	%G Barbastella   mopek%					https://pl.wikipedia.org/wiki/Mopek

							Gatunek	%L Barbastella barbastellus  %S mopek zachodni%	https://pl.wikipedia.org/wiki/Mopek_zachodni
								%L Barbastella beijingensis  %S mopek pekinski%
								%L Barbastella darjelinensis  %S mopek orientalny%
								%L Barbastella leucomelas  %S mopek azjatycki%

							%Corynorhinus   brylonosek
							%Euderma   plamek
							%Idionycteris   osobliwiec
							%Otonycteris   dlugouch

						Rodzaj	%G Plecotus   gacek					https://pl.wikipedia.org/wiki/Gacek_(nietoperze)

							Gatunek	%L Plecotus alpinus  %S gacek alpejski%		https://pl.wikipedia.org/wiki/Gacek_alpejski
								%L Plecotus ariel  %S gacek powietrzny%
								%L Plecotus auritus  %S gacek brunatny%		https://pl.wikipedia.org/wiki/Gacek_brunatny
								%L Plecotus austriacus  %S gacek szary%		https://pl.wikipedia.org/wiki/Gacek_szary
								%L Plecotus balensis  %S gacek lysy%
								%L Plecotus christiei  %S gacek ochrzczony%
								%L Plecotus homochrous  %S gacek domowy%
								%L Plecotus kolombatovici  %S gacek balkanski%		https://pl.wikipedia.org/wiki/Gacek_ba%C5%82ka%C5%84ski
								%L Plecotus kozlovi  %S gacek kozi%
								%L Plecotus macrobullaris  %S gacek alpejski%		https://pl.wikipedia.org/wiki/Gacek_alpejski
								%L Plecotus mexicanus  %S gacek maksykanski%
								%L Plecotus ognevi  %S gacek plomienny%
								%L Plecotus rafinesquii  %S gacek wybitny%
								%L Plecotus sacrimontis  %S gacek watykanski%
								%L Plecotus sardus  %S gacek sardynski%		https://pl.wikipedia.org/wiki/Gacek_sardy%C5%84ski
								%L Plecotus strelkovi  %S Gacek rosyjski%
								%L Plecotus taivanus  %S Gacek tajwanski%
								%L Plecotus teneriffae  %S gacek kanaryjski%		https://pl.wikipedia.org/wiki/Gacek_kanaryjski%
								%L Plecotus townsendii  %S Gacek miejski%
								%L Plecotus turkmenicus  %S Gacek turkmenski%
								%L Plecotus wardi  %S Gacek czujny%

					%Plemie	Vespertilionini   mroczaki

							%Chalinolobus   mrocznik
							%Eudiscopus   dyskonog
							%Falisistrellus   nibykarlik
							%Glauconycteris   latnik
							%Histiotus   zaglouch
							%Hypsugo   przymroczek
							%Ia   wieczornik
							%Laephotis   zaglouszek
							%Mimetillus   skaposkrzydlik
							%Niumbaha   laciatek
							%Neoromicia   afrokarlik
							%Philetor   karlowatek
							%Tylonycteris   bambusik
							%Vespadelus   lasomroczek
							%Vespertilio   mroczak					https://pl.wikipedia.org/wiki/Mroczak

							Gatunek	%G Vespertilio murinus %S mroczak posrebrzany%

								%L Vespertilio superans %S mroczak potezny%

			%Podrodzina	Antrozoinae   jasnotki

					Rodzaj	%Antrozous   jasnotek%
						%Bauerus   jasnoteczek

			%Podrodzina	Myotinae   nocki

					Rodzaj	%Lasionycteris   srebrnonocek
					Rodzaj	%G Myotis   nocek%						https://pl.wikipedia.org/wiki/Nocek

						Gatunek	%L Myotis alcathoe  %S nocek Alkatoe%			https://pl.wikipedia.org/wiki/Nocek_Alkatoe
							%L Myotis bechsteini  %S nocek Bechsteina%			https://pl.wikipedia.org/wiki/Nocek_Bechsteina
							%L Myotis blythii  %S nocek wschodni%			https://pl.wikipedia.org/wiki/Nocek_wschodni
							%L Myotis brandtii  %S nocek Brandta%			https://pl.wikipedia.org/wiki/Nocek_Brandta
							%L Myotis dasycneme  %S nocek lydkowlosy%			https://pl.wikipedia.org/wiki/Nocek_%C5%82ydkow%C5%82osy
							%L Myotis daubentonii  %S nocek rudy%			https://pl.wikipedia.org/wiki/Nocek_rudy
							%L Myotis emarginatus  %S nocek orzesiony%			https://pl.wikipedia.org/wiki/Nocek_orz%C4%99siony
							%L Myotis myotis  %S nocek duzy%			https://pl.wikipedia.org/wiki/Nocek_du%C5%BCy
							%L Myotis mystacinus  %S nocek wasatek%			https://pl.wikipedia.org/wiki/Nocek_w%C4%85satek
							%L Myotis nattereri  %S nocek Natterera%			https://pl.wikipedia.org/wiki/Nocek_Natterera

			%Podrodzina	Murininae   tubonosy

						%Harpiocephalus   harpioglow
						%Harpiola   trabkonos
						%Murina   tubonos

			%Podrodzina	Kerivoulinae   welniaczki

					Rodzaj	%Karivoula   welniaczek					https://pl.wikipedia.org/wiki/We%C5%82niaczek
						%Phoniscus   trabkouch

	Rodzina %F Miniopteridae   podkasancowate%								https://pl.wikipedia.org/wiki/Podkasaniec

					Rodzaj	%G Miniopterus   podkasaniec%

						Gatunek	%L Miniopterus aelleni  %S podkasaniec wyspowy%
							%L Miniopterus africanus  %S podkasaniec afrykanski%
							%L Miniopterus australis  %S podkasaniec zgietoskrzydly%
							%L Miniopterus brachytragos  %S podkasaniec krotkowlosy%
							%L Miniopterus egeri  %S podkasaniec czuprynoczelny%
							%L Miniopterus fraterculus  %S podkasaniec braterski%
							%L Miniopterus fuliginosus  %S podkasaniec okopcony%
							%L Miniopterus fuscus  %S podkasaniec ciemny%
							%L Miniopterus gleni  %S podkasaniec madagaskarski%
							%L Miniopterus griffithsi  %S podkasaniec skryty%
							%L Miniopterus griveaudi  %S podkasaniec komorski%
							%L Miniopterus inflatus  %S podkasaniec wiekszy%
							%L Miniopterus macrocneme  %S podkasaniec nowokaledonski%
							%L Miniopterus magnater  %S podkasaniec duzy%
							%L Miniopterus mahafaliensis  %S podkasaniec mahafalski%
							%L Miniopterus majori  %S podkasaniec dlugopalcy%
							%L Miniopterus manavi  %S podkasaniec malgaski%
							%L Miniopterus medius  %S podkasaniec sredni%
							%L Miniopterus minor  %S podkasaniec najmniejszy%
							%L Miniopterus mossambicus  %S podkasaniec mozambicki%
							%L Miniopterus natalensis  %S podkasaniec natalski%
							%L Miniopterus newtoni  %S podkasaniec zatokowy%
							%L Miniopterus oceanensis  %S podkasaniec australijski%
							%L Miniopterus pallidus  %S podkasaniec pozlacany%
							%L Miniopterus paululus  %S podkasaniec filipinski%
							%L Miniopterus petersoni  %S podkasaniec nizinny%
							%L Miniopterus propitristis  %S podkasaniec salomonski%
							%L Miniopterus pusillus  %S podkasaniec maly%
							%L Miniopterus robustior  %S podkasaniec konacki%
							%L Miniopterus schreibersii  %S podkasaniec zwyczajny%
							%L Miniopterus shortridgei  %S podkasaniec jawajski%
							%L Miniopterus sororculus  %S podkasaniec siostrzany%
							%L Miniopterus tristis  %S podkasaniec wielki%
